日期,平台,内容类型,内容主题,负责人,状态,备注
2024-01-01,小红书,种草笔记,新年好物推荐,张三,已发布,
2024-01-02,抖音,短视频,新年第一拍,李四,待发布,
2024-01-03,微信公众号,图文,新年营销趋势,王五,策划中,
2024-01-04,微博,话题,新年flag大赏,张三,已发布,
2024-01-05,小红书,测评笔记,年度好物盘点,李四,待发布,
2024-01-06,抖音,口播视频,新年搞钱攻略,王五,策划中,
2024-01-07,微信公众号,活动推文,新年福利活动,张三,待发布,
2024-01-08,小红书,日常笔记,开工好物,李四,策划中,
2024-01-09,抖音,短视频,开工第一天,王五,待发布,
2024-01-10,微博,日常博文,开工状态,张三,已发布,
2024-01-11,小红书,种草笔记,开工装备推荐,李四,策划中,
2024-01-12,抖音,口播视频,复工效率提升,王五,待发布,
2024-01-13,微信公众号,干货文章,年度营销计划,张三,策划中,
2024-01-14,小红书,日常笔记,周末vlog,李四,已发布,
2024-01-15,抖音,短视频,周末日常,王五,待发布,

说明：
- 平台：小红书/抖音/微信公众号/微博
- 内容类型：种草笔记/测评笔记/短视频/口播视频/图文/话题/活动推文等
- 状态：策划中/待发布/已发布
- 请根据实际需求调整内容和日期